nonce,timestamp,from,to,value,signature,block_index
2,Mon Nov 18 18:10:02 2019,9,3,6,kBmw80N53Zf+hj94rfAO0TFy/XnejG1YoL5s0MkcgBRQSPVrXAlrZoBNHBR5wTbSnXxy2I64i6wa39qllF/8XOkWp0ylKLv3GtOSXcHVxYsia3WvD3BrjkwOd5lTj/h/lIRFdxfPOCLI1sr+boIw5aTlHc7h7ln/AF4u+fBXJsQ0h3wN9MlLgKm13y+Jk9wAzKYx9CKCgkI3nU/r8LxDTjsJQgnVkrN/NqpXiO2uT+GG9r+cP9TgXnI4JU6ZQWY8rbkomu2UHqy632272eYJMDgOMUPY/zFLWrFtUWExlgTv0VoVgd20S0MsZH20IHqqvVfDRAv8V73nK9QlSsOgJQ==,0
1,Mon Nov 18 18:10:03 2019,3,5,76,KsozxXVmW94gmaoamCVT7LquUWhCUCS+4e5u71tHp94b3NB8tV/cxhCeStI1wbzLMAvLZQ86LS0j7osf/PkfdzCUQIDZX8pE9xkW3xsYqtHHa6/XK+Uvei9EoTx8unEdE2XQ8Lrewzxigfqc+1d11Rdwvwh9DW+XtCERREmHQyHaxDZyAS/haaVrE+1Q0oztf/QWrMevG+pI1mA0EolB28GJdeC+avYYSoZIfsdkF9Mflghtgsecy8tCV8GgeTd3TXYuis1f7Jlq0Gy620MCIBIIFyuEhgJ6+E/RrUvEDmdYHOIvoLyWqWc4SqwA+NiuJSMUmvmLa5uZeCw3gBqgcQ==,0
4,Mon Nov 18 18:10:03 2019,9,0,12,lQgVA/IFLRfIht0QsIx3M7TaXIrd7woHimFGEIni0Aj0DnqzNrEgC3U5DUlZfFCBlOEPXl8Ksgxz4SrO3shoHPdK3WbXAIGYGjC24yXH4Fmy3JtWQ+JsfW83ZqFHt5oISKLrX+o/jcPXJYuKBBGo9f+NfvfIg0pLARhXKwlnnxO2hDwYjNkuNcCiFVngVUMN8z7Q6u7YtfZPto2PP5zY2ux+bF4hB9WNLupcNGUuIlI1ht/q6W+AIbZ4F9V4dD7u1rQM0Hh1EN3b0vDlnlVKnlFEDixU/m5dUbvVtBgIJDRcOIKbuL9HrmWjHcgYKpRQ5BLhTlKtVDaoL3p9ZgOqPg==,1
1,Mon Nov 18 18:10:04 2019,0,7,80,HhDtgqospwL2ZAEmUb/oiRVQM+XWg+Xo1/8C+w1Jg6Dz0v2cxoGKSm5Fh7+G24iZEiCSBJbzRlJtXcmSlh8kzf3zfiM2MsVA/rm6UicDhxdR0EDF3/uhaPbqUYR2obXYWSWCJv2+8R4VVhRlvsTfanG0TQiWDQLUDmbwhiojgXjd8QU2MZEARhLI/ZhMzRVRmgaT2wEfd4zWbNDRo1q4ZMIEoZFBzC8l7wPsR0AStFiEFwSRTWHKkP9T0r6+NH2h0M8ZattVkdajMPniAO2KDxLFrx3Hm1W3VuZO+xPV0dPx5/uSeRvR91r3Y315fLGDFQ8iQ/G7vd8mdAhMkmCzSQ==,1
1,Mon Nov 18 18:10:04 2019,4,7,75,kZRbWmGQS5ZxU80hXli/1a+7H63SJGDIJ7V5tadq5WnyiA+cO2DkzKUVEhBn3zMOwZYZoerBc0FumolAlKlonJaIrNMvq021OJu/2hdrHwzfQe+xK6Ku+q1P6J1/PuAj1lSZYoLpewEeDI20IJUH8jAVddEPBt4Wb4jX9TerD1F2YgMUSsxfU618issVABTXOZf+eNFVEH8xqdg5SRo7QgyWdMQlpczGCV3zmshOM1+omFUvIbTIzfwdZMpva6eOryv3bqbVYCXaqzOMS8zNFlXvSbqOLG1yggdu1/5iAb7kyfGmePhD9seCHMHiLQk4QbIRBJAfekcpN4alz3T9Lg==,1
2,Mon Nov 18 18:10:04 2019,0,7,139,asWXhm9Qv6Yp1tVId75ND35WPbS6/D7Na2EF/2vWNrbpj/tgGLPZOffigpNkHil0UBzNvOptoOPHusAWzZFU1DgFOfnPx261U1C3eUI4cppAiKpp6B4LUn6dSn57wpTc+sqBi27nZDfaGYJOsUWtcCym0EXVM7ESd0+JyY7cjmQGZaYwlgm0N4XXoqutffiDo99ySAYpfiCbwZ0qh+TuCgg/qX5d4+zdJIyFDrltqjsn1wCQF3k/AcBEJtoAPB+ubKtAbQ2qPiTuwTsjEJH2cGeHhgOhjvyJ+zgaaCT59oLhBt1NoZgdq4RemACzNKqRHfKDodQ/3ZaDLe21CIZYpA==,1
1,Mon Nov 18 18:10:05 2019,2,1,66,WfjsdZKzwJTSk3FlxEC8tvYLOKLBzy5eTHVatOAlfPg/OiPVpDTvCeBreLddB1n4UVcvFp3zASMt6vRSJN+5uc6OH6pz/gGIJo878hk9XamHgYk0c6DdjhJafY9aQXNyAmwK9ft1n4OP9Khlxi12y14if8cHW8EtcmAE52pxZT2NV0hPF9LU5FyFn3STtQSkxDcc5wrw2USuefbz5OSYs552zBKVf3OpPJKILD8W8IRJ7Fe1Vu6XExasuY4sOzH+1j77DFBVPbLUyQObLMqe/G6YO6Gg/6lNzWds6ZYrE2ZPGAN7LoiHJH2/k/b3yzsBCDAliBWhiBtcyJb1rCDSdg==,2
3,Mon Nov 18 18:10:05 2019,0,9,21,D5C1I8sAAD3+YHi+S9W7nasNJdVzGduPjJmmK2uC4kSMN3f3Qw7uD4Tk3RVOT81Zvp8o3WAdZPNpkGRx/wpFpkyLFMMAK9qowR4hR5Y0J+hPBw8BVeoB5raSmqg+phAEbxgjRA4/nOulpajv0DWyJaDdebv7a02OEuonai5r01NBkJGt+UAT2B6t0WAO0GDpjTW629WtzZ0lyABBdT/VwPXOCh0nOp8aM2RZb4MkMoRCXCEMMqJV/P+wsGHOhWjrBOy/T9HZGJ1UUzOOrkQ2i1VYxbDprKYBNJc+M8AEtEovTL0KmTKMRT7vWRzTxB+Dc+pQDwCpDp9B+DCEhLVqAQ==,2
1,Mon Nov 18 18:10:05 2019,8,7,10,B2QYvhOCNU0uOKJ19HuRcWDN1mvQ94UhTjYx2xCmxcNUJ/SWYQhpviIMql9i/UqKc4L4WOeGg2uSBltC8MrgqexG4XoZFsIrquQ9oXxntLnTHCL0hIkeenbZDjX4ipz3oKy2QL003YfYN+1G9tq+sJRYP+PZFEgBHCytfFa/ngRO+V7VgKMyA2a4ylOpZIIqZQt+rIzexTVtC+lzEnQSTptqXofdgeUmrS9u3TP0uSQT6abYoTBlz+nriVZVfJb+DUytPMbGP0xrtTwEiUDZ1laBoZ49wBp1kA4W1AWSUuIgJ2nVaY4enuwUBZva2JGO7O1YC0oXTuGFtX3LCQ1/pg==,2
2,Mon Nov 18 18:10:05 2019,5,2,6,cmBYyLrYMry2QHDD2qVZN0TOKYuMu/l+bArqxW+Oawa5sOHylNizXyQsHGe63hOxseqrOHe7+nqhXhQmO5CT874sidWwqNzNyh+T0xBk9TXwPMkgjPsio88Gz664+fwxW6K+gb/bSsva/0fqw3RFWX/g9gWEWpCqwv82NTgxcKuNhx0lUFNEeWwcFZ3yGc68b4vK18jz97c6npTJ1KuSgF7IUGi5VmBD9fTqeJmRLdwHF59+DrvHZOMq55avuUGAjc4e3PRYXcgu+QsXH2gkW5w98tpQDdUzKn9jEYwS8P9L6HgSk8a0wnz8TKmATXZaph0GK5F1Afs8EAdEdI0qUg==,2
0,Mon Nov 18 18:10:06 2019,7,8,120,UxbwoJYwfoG0y0SunHEzRgJWw0sWKjQ+LP7nSCjlMQpkJXzcb0tsV2h1MG1O3r+XSTpk/HvJ8ttqLT2htoCFvPw3757fbdwoRXdmBh2P8WL6qg1VkyE2eikoQUT5mRRS95Uxy962gUIqE02n/hlW3ybWi8FehjKubyyHK0KGtT+uN9sX5rWEHpObgDATTRnLLOh+TliE1siCyyMGUcMIa2fOmeUrqq4Z1FOcseo+Zvrqqa2wufW7Tx8xCBBQqriWy/KrAbO12LPujNPciPlzTmwQbV2Jp1UGYL4j6EDjw9p1f4K7nlIclqUC+EnkO6KhB3K8HaJdv6gNS2eEmJc23w==,2
2,Mon Nov 18 18:10:06 2019,3,9,168,Ad7vRvIdp5sa4Szrpz5Y7Krf9nHrnMzo01IvUX7fijN2pXWtHoNbXQ2HQYZ1t2h6j2mtzPKlHBRw25zOKgaKt/BGg5Ykf+396sfYVYPfBACTUCn4VuaiYfVBCYRknXPsiS4D59FCJOjh+2LTd0+X7eWa8950KQ7Ht55LWlrNO4PpbQ8AfekEJXtKZPSWjwLsKu2UsQSCKaTPn6Ej7QU1rlEVhb/V2MwdDfiiSBXi1bf9fyVrn4DewXooK+CeA8bG+KlR8Ld89qJFjLKvbBunswm3VqgWiuuZasl8nZTUNV4v80scn3kNFd61eBvSfIkmE9qrvc6vLTikxAvxnfYGng==,3
1,Mon Nov 18 18:10:06 2019,7,2,76,yiHmgaHcn3d3AKalIpKW8eYTIaP9Ho5camup5q5h0PwymPpH3WfysgeI8XwaCeB0blIU4kxzJddx/7KdyuJX1IMFnQ1rvNiAJRKVGkowt5YYIiJ/grPWSvsnXXvgliFA3gdyocclnkuiPvGf8GAPWyhI24VzaigE+s3AUn7YgS6zF0TpKzsaVc+PrJm1hEPpjHhUEVSpU+wS3E4B0GGknz3LSts6YPbHwq61Wx7Kp+WxkXqZ8ZDtP/RUZlPUu8EpHTGKItikLkLI1ndr6dREkCbMU2oMgZuln5INw9d0wc1RXRqEPl90aOhykOzQMzpdFrPnggK1U1wks7HBzPp+BQ==,3
2,Mon Nov 18 18:10:07 2019,6,0,171,RVkuWv23o7PECAuxeSiReHqr/iC7mZ96/x2qQC0wl+S4hFueEdTgTWindPi6c21Ig3phweYJbcPRN1D63CXjpak0a0EgWgcE4i2IZJAGgHCNxTOBHHYLTbxmSine27C9sw7QKjcCi3B72E/EW7HdzKSu3tV1hz08pisN18QeCcqzT5lvO5DXAVigfvDn9ZXHpc3gCbpvWtO49Q/v2fdV6hYlSsYOkJFwPGo5VASKZ1h8l/Vw9lv6LM/NuW4I8qyq96DgfJxciESjcoiMmSGmtaGrzDUV6NWzYY0QNf5ApBTUYaVXXKOLwl4dYUlx0nJCj+9lcspvNLq/M8cwo7jb1A==,3
5,Mon Nov 18 18:10:07 2019,9,0,67,YVk5gW0fz07qsTZxMsWFuRYFHUiFU79Xm/2psfAYz7Zr6TtJSYEExgYV52YIHA74qO98r+YR27E2c7Jzs1cQGYvaFBtrmNT6wfS3+vyxdAH+eyfTIi7unqzXLnp0PZU57NN1BsOVJZKD5Z7a4bhSJM6YKhADgjN+/vNbAr2yv9p6h/twHgq56ZlELbrm6u5y00lWi91JBrM59h9BD69sk5v2B0sPZl0SdhA5E5RTFLC2AckkDw2nF0QHeCE1ZdVwSLTOs9H3lwO40X0RWcHYJWUITRrbGYtnwHJByTox6UrG1GCzcgL1ad6ub4ckIr40MCDlVOfIpFumqMDDfC/KJg==,3
2,Mon Nov 18 18:10:07 2019,8,6,52,Mv8cv6LrQajonI8u6PjMWIBjL+RZ3hC/gG/JPYJVHW5ZQGO6vb/gkneS/haewKLvMvFRrLT9tq6PlMx8BwDqM7sLR65fxhqO+IkgFPoTdaDlHuvi6RijAct64zA55B2ySd1eY1L6YRWszW+4KLvElVu9zr6qvTH5IuvJcyv5SzYBdLoed1JmkqCEQxqi6TmTXcTqYouW23/GaSqXSI93XlfR8olAFCqdEJH1/xg0Vrk4na3rV94SMr4aTk9je/pCO+5DdYfuEiz2ukf6kSK8yM+Lmlzis9RfwLuY8gO4T7FOGaScaTynMJ75wU3kaXF6nlmhn6rw1u+uKJPTTzh3Zg==,3
3,Mon Nov 18 18:10:08 2019,0,6,1111,e5RbZLDEIWjlvGjihFqQ2+6wW8rHJgZrGC4k4mjSLqlEly7LVZoQVg1HtGT6frXvNp0kpWbt/V1dTlYSROWQ5vkg/X7RQB7f78f5sJL/zaUsDRsM1ifVKXW4Rj9xSArxDmgBO2mOaLdFw1XWB00UkaO+2RBCT9NgFI/LLZyG6E9LRAo6FCs2g5NtwjCrB8l+shDSqToRYphxlya3Mzq+0kiHYXwuV8+SwI9Czg7HOsqUkl4CkVnTsqJUyjgV3BEf1uFvKBcdIXv4QL5xU5YnqOQ2GG9msiZmIPzo+lGjcdkKmDupaUOkNM6Nuxik9jqx0Ow/kLjgQOKp+3kJsNEqcA==,4
2,Mon Nov 18 18:10:08 2019,8,4,1164,feLQcVIgMiwLGEioV06DBaw5FE4WKJ9kyTRZYmKuE1xMTHMprqCTX6CqhbjFz7C7lyWtOzSJyQGVaDF4IDEdkuLSUFEMBB4JBw6y+/vtT4YQ0o581vmTTVNFvTlvtRxWFNKEBNkDBMgal+MVL2zatkxpGUa0H4v8aUTOlAZb0NlPdz/1wA74NL5Vh1mz8N1YilAdShWDWp+rW/3ra3xT13FbIwjyJfsdWLApk04z8X98eLG+zq/r2iu8IPCNHDg5DwG6BV0fDaSTr0tQZ7JdkmGHA3I+2MJNq8N7VpEi9FjB1S3ISu9+4TCKGUArRFqkTU+Qjg3c7vQhRg4s0TA8Rg==,4
1,Mon Nov 18 18:10:08 2019,4,1,1124,BerSRnhjDtuycwu6WAcwC4Rs8fXjtQUws9YFZPORMSJnupjvk98/KkR9ZUxHB1nX/Htu86xp69ztKprZeq6P5T/t9dbkoUtMN48R1IBnmcTdNkdFHy1P+V01mhCWux5jfIcDitqVveYF254BdiafTba7s1FVhxPyzxNWsWcor4+MmjSxg69Q1/K66H/Yp5YaMcMsDBhYNkBQf1T6c7ix/vWY4CATl0eu77KRr0Zh3BCN5rI4Cmpy550yok7ge/5gQkLK2fZPgNiqxfSd7m89swbkaS4XDjWGfqO3/AyaekBPncfGAn+3vFoDnK0ySt1f9Mm89Pk57k/Q0EFKzHmhyg==,4
1,Mon Nov 18 18:10:08 2019,1,4,197,cTCkoitpSHHdB+7GRa79zE8jZsARQIgaEM6n4jzVXiOw0G2AaC3c0XRepV3D9hxHBw4CG/8kUpIRxdYk++YhtS1LmRqBqxn6yaTEK/+i3BGakWNglLNVRGdqZPs8h4GcEchReh9mfu5vDvwvJZ1MpVznbOA0SEGpk4owKYaA018e/zuK+WrbF3Qa5xmbUZHeEn4Tv6qLbhipRgc17KdPMUp36o3JtfdGvoLwDVMNuh306fOo9oS7GOQHNpdfs/YwPg8wulGYAc1e/+K+o2WewOCPFVlCNMrTgtmoAUjyKA62drn7iAza62rixjyHQQy3j1d8715r7zSYiyb7t1gs2Q==,4
2,Mon Nov 18 18:10:09 2019,2,4,176,Zwo9F2zboeqlB7ERQL4W4qytYM/Dup+lPfZozUQk8J5SZXIsNIIUd1e5u/ztBhE7Ww1dWeP6Ptst0QlIOeRUAhXTTXReZe+WAPnVcTjt1T95PgfVnmRN1YZdEPofgjJwWVYwONXRks/Zc9H4gzUVuDMrVn0FXbQWo24cOgexuUojbCaiOu9fIF8SmGJPfbyi4cv+ejSZuJqkGBT0wNugYNMsdTxycKEIbMvZR/A8HO41MG7PcTxKo/MfdqXXFDRqXDcZbfV2D+TakpIdshIU1Q3yUuSf+yywZO4l6g06PFsfKMSyNhZOcKwqMASEflIILY3UOZ6CraHq27Ou8UAhHQ==,4
